[
  {
    "id": "Kraft 35 - 2017",
    "location": "Tokyo, Japan",
    "date": "07/14/2017",
    "results": [
      { "hamster": "Zepto", "place": 1 },
      { "hamster": "Milkshake", "place": 2 },
      { "hamster": "Fievel", "place": 3 },
      { "hamster": "Baby Ham", "place": 4 },
      { "hamster": "Tater", "place": 5 },
      { "hamster": "Peter Pan", "place": 6 }
    ]
  },
  {
    "id": "Petco 2000 - 2017",
    "location": "Seattle, WA",
    "date": "04/29/2017",
    "results": [
      { "hamster": "Zepto", "place": 1 },
      { "hamster": "Milkshake", "place": 2 },
      { "hamster": "Fievel", "place": 3 },
      { "hamster": "Baby Ham", "place": 4 },
      { "hamster": "Tater", "place": 5 },
      { "hamster": "Peter Pan", "place": 6 }
    ]
  },
  {
    "id": "Triscuit Circuit 4700 - 2017",
    "location": "Daytona Beach, FL",
    "date": "09/21/2017",
    "results": [
      { "hamster": "Zepto", "place": 1 },
      { "hamster": "Milkshake", "place": 2 },
      { "hamster": "Fievel", "place": 3 },
      { "hamster": "Baby Ham", "place": 4 },
      { "hamster": "Tater", "place": 5 },
      { "hamster": "Peter Pan", "place": 6 }
    ]
  }
]
