{
  "AWSTemplateFormatVersion": "2010-09-09",
  "Description": "The AWS CloudFormation template for this Serverless application",
  "Resources": {
    "ServerlessDeploymentBucket": {
      "Type": "AWS::S3::Bucket",
      "Properties": {
        "BucketEncryption": {
          "ServerSideEncryptionConfiguration": [
            {
              "ServerSideEncryptionByDefault": {
                "SSEAlgorithm": "AES256"
              }
            }
          ]
        }
      }
    },
    "ServerlessDeploymentBucketPolicy": {
      "Type": "AWS::S3::BucketPolicy",
      "Properties": {
        "Bucket": {
          "Ref": "ServerlessDeploymentBucket"
        },
        "PolicyDocument": {
          "Statement": [
            {
              "Action": "s3:*",
              "Effect": "Deny",
              "Principal": "*",
              "Resource": [
                {
                  "Fn::Join": [
                    "",
                    [
                      "arn:",
                      {
                        "Ref": "AWS::Partition"
                      },
                      ":s3:::",
                      {
                        "Ref": "ServerlessDeploymentBucket"
                      },
                      "/*"
                    ]
                  ]
                },
                {
                  "Fn::Join": [
                    "",
                    [
                      "arn:",
                      {
                        "Ref": "AWS::Partition"
                      },
                      ":s3:::",
                      {
                        "Ref": "ServerlessDeploymentBucket"
                      }
                    ]
                  ]
                }
              ],
              "Condition": {
                "Bool": {
                  "aws:SecureTransport": false
                }
              }
            }
          ]
        }
      }
    },
    "InitiatorLogGroup": {
      "Type": "AWS::Logs::LogGroup",
      "Properties": {
        "LogGroupName": "/aws/lambda/hbfl-swf-dev-initiator"
      }
    },
    "DeciderLogGroup": {
      "Type": "AWS::Logs::LogGroup",
      "Properties": {
        "LogGroupName": "/aws/lambda/hbfl-swf-dev-decider"
      }
    },
    "S3ReaderWorkerLogGroup": {
      "Type": "AWS::Logs::LogGroup",
      "Properties": {
        "LogGroupName": "/aws/lambda/hbfl-swf-dev-s3ReaderWorker"
      }
    },
    "ResultProcessorWorkerLogGroup": {
      "Type": "AWS::Logs::LogGroup",
      "Properties": {
        "LogGroupName": "/aws/lambda/hbfl-swf-dev-resultProcessorWorker"
      }
    },
    "S3CleanerWorkerLogGroup": {
      "Type": "AWS::Logs::LogGroup",
      "Properties": {
        "LogGroupName": "/aws/lambda/hbfl-swf-dev-s3CleanerWorker"
      }
    },
    "IamRoleLambdaExecution": {
      "Type": "AWS::IAM::Role",
      "Properties": {
        "AssumeRolePolicyDocument": {
          "Version": "2012-10-17",
          "Statement": [
            {
              "Effect": "Allow",
              "Principal": {
                "Service": [
                  "lambda.amazonaws.com"
                ]
              },
              "Action": [
                "sts:AssumeRole"
              ]
            }
          ]
        },
        "Policies": [
          {
            "PolicyName": {
              "Fn::Join": [
                "-",
                [
                  "hbfl-swf",
                  "dev",
                  "lambda"
                ]
              ]
            },
            "PolicyDocument": {
              "Version": "2012-10-17",
              "Statement": [
                {
                  "Effect": "Allow",
                  "Action": [
                    "logs:CreateLogStream",
                    "logs:CreateLogGroup"
                  ],
                  "Resource": [
                    {
                      "Fn::Sub": "arn:${AWS::Partition}:logs:${AWS::Region}:${AWS::AccountId}:log-group:/aws/lambda/hbfl-swf-dev*:*"
                    }
                  ]
                },
                {
                  "Effect": "Allow",
                  "Action": [
                    "logs:PutLogEvents"
                  ],
                  "Resource": [
                    {
                      "Fn::Sub": "arn:${AWS::Partition}:logs:${AWS::Region}:${AWS::AccountId}:log-group:/aws/lambda/hbfl-swf-dev*:*:*"
                    }
                  ]
                },
                {
                  "Effect": "Allow",
                  "Action": [
                    "swf:*"
                  ],
                  "Resource": {
                    "Fn::Join": [
                      ":",
                      [
                        "arn:aws:swf",
                        {
                          "Ref": "AWS::Region"
                        },
                        {
                          "Ref": "AWS::AccountId"
                        },
                        "/domain/HBFL-DOMAIN"
                      ]
                    ]
                  }
                },
                {
                  "Effect": "Allow",
                  "Action": [
                    "s3:*"
                  ],
                  "Resource": [
                    "arn:aws:s3:::hbfl-race-results-unique-ryan2",
                    "arn:aws:s3:::hbfl-race-results-unique-ryan2/*"
                  ]
                },
                {
                  "Effect": "Allow",
                  "Action": [
                    "dynamodb:BatchWriteItem"
                  ],
                  "Resource": {
                    "Fn::Join": [
                      ":",
                      [
                        "arn:aws:dynamodb",
                        {
                          "Ref": "AWS::Region"
                        },
                        {
                          "Ref": "AWS::AccountId"
                        },
                        "table/hbfl-race-results"
                      ]
                    ]
                  }
                }
              ]
            }
          }
        ],
        "Path": "/",
        "RoleName": {
          "Fn::Join": [
            "-",
            [
              "hbfl-swf",
              "dev",
              {
                "Ref": "AWS::Region"
              },
              "lambdaRole"
            ]
          ]
        }
      }
    },
    "InitiatorLambdaFunction": {
      "Type": "AWS::Lambda::Function",
      "Properties": {
        "Code": {
          "S3Bucket": {
            "Ref": "ServerlessDeploymentBucket"
          },
          "S3Key": "serverless/hbfl-swf/dev/1646816709626-2022-03-09T09:05:09.626Z/hbfl-swf.zip"
        },
        "Handler": "src/initiator.init",
        "Runtime": "nodejs14.x",
        "FunctionName": "hbfl-swf-dev-initiator",
        "MemorySize": 1024,
        "Timeout": 6,
        "Environment": {
          "Variables": {
            "DYNAMO_TABLE_NAME": "hbfl-race-results",
            "S3_BUCKET": "hbfl-race-results-unique-ryan2",
            "WORKFLOW_DOMAIN": "test-domain1",
            "WORKFLOW_TYPE_NAME": "process-race-results",
            "WORKFLOW_TYPE_VERSION": "1.0",
            "WORKFLOW_TASK_LIST": "process-results",
            "ACTIVITY_READ_S3": "read-s3-bucket",
            "ACTIVITY_READ_S3_VERSION": "1.0",
            "ACTIVITY_PROCESS_RESULTS": "process-race-result",
            "ACTIVITY_PROCESS_RESULTS_VERSION": "1.0",
            "ACTIVITY_CLEAN_S3": "clean-s3-bucket",
            "ACTIVITY_CLEAN_S3_VERSION": "1.0"
          }
        },
        "Role": {
          "Fn::GetAtt": [
            "IamRoleLambdaExecution",
            "Arn"
          ]
        }
      },
      "DependsOn": [
        "InitiatorLogGroup"
      ]
    },
    "DeciderLambdaFunction": {
      "Type": "AWS::Lambda::Function",
      "Properties": {
        "Code": {
          "S3Bucket": {
            "Ref": "ServerlessDeploymentBucket"
          },
          "S3Key": "serverless/hbfl-swf/dev/1646816709626-2022-03-09T09:05:09.626Z/hbfl-swf.zip"
        },
        "Handler": "src/decider.poll",
        "Runtime": "nodejs14.x",
        "FunctionName": "hbfl-swf-dev-decider",
        "MemorySize": 1024,
        "Timeout": 120,
        "Environment": {
          "Variables": {
            "DYNAMO_TABLE_NAME": "hbfl-race-results",
            "S3_BUCKET": "hbfl-race-results-unique-ryan2",
            "WORKFLOW_DOMAIN": "test-domain1",
            "WORKFLOW_TYPE_NAME": "process-race-results",
            "WORKFLOW_TYPE_VERSION": "1.0",
            "WORKFLOW_TASK_LIST": "process-results",
            "ACTIVITY_READ_S3": "read-s3-bucket",
            "ACTIVITY_READ_S3_VERSION": "1.0",
            "ACTIVITY_PROCESS_RESULTS": "process-race-result",
            "ACTIVITY_PROCESS_RESULTS_VERSION": "1.0",
            "ACTIVITY_CLEAN_S3": "clean-s3-bucket",
            "ACTIVITY_CLEAN_S3_VERSION": "1.0"
          }
        },
        "Role": {
          "Fn::GetAtt": [
            "IamRoleLambdaExecution",
            "Arn"
          ]
        }
      },
      "DependsOn": [
        "DeciderLogGroup"
      ]
    },
    "S3ReaderWorkerLambdaFunction": {
      "Type": "AWS::Lambda::Function",
      "Properties": {
        "Code": {
          "S3Bucket": {
            "Ref": "ServerlessDeploymentBucket"
          },
          "S3Key": "serverless/hbfl-swf/dev/1646816709626-2022-03-09T09:05:09.626Z/hbfl-swf.zip"
        },
        "Handler": "src/s3ReaderWorker.poll",
        "Runtime": "nodejs14.x",
        "FunctionName": "hbfl-swf-dev-s3ReaderWorker",
        "MemorySize": 1024,
        "Timeout": 120,
        "Environment": {
          "Variables": {
            "DYNAMO_TABLE_NAME": "hbfl-race-results",
            "S3_BUCKET": "hbfl-race-results-unique-ryan2",
            "WORKFLOW_DOMAIN": "test-domain1",
            "WORKFLOW_TYPE_NAME": "process-race-results",
            "WORKFLOW_TYPE_VERSION": "1.0",
            "WORKFLOW_TASK_LIST": "process-results",
            "ACTIVITY_READ_S3": "read-s3-bucket",
            "ACTIVITY_READ_S3_VERSION": "1.0",
            "ACTIVITY_PROCESS_RESULTS": "process-race-result",
            "ACTIVITY_PROCESS_RESULTS_VERSION": "1.0",
            "ACTIVITY_CLEAN_S3": "clean-s3-bucket",
            "ACTIVITY_CLEAN_S3_VERSION": "1.0"
          }
        },
        "Role": {
          "Fn::GetAtt": [
            "IamRoleLambdaExecution",
            "Arn"
          ]
        }
      },
      "DependsOn": [
        "S3ReaderWorkerLogGroup"
      ]
    },
    "ResultProcessorWorkerLambdaFunction": {
      "Type": "AWS::Lambda::Function",
      "Properties": {
        "Code": {
          "S3Bucket": {
            "Ref": "ServerlessDeploymentBucket"
          },
          "S3Key": "serverless/hbfl-swf/dev/1646816709626-2022-03-09T09:05:09.626Z/hbfl-swf.zip"
        },
        "Handler": "src/resultProcessorWorker.poll",
        "Runtime": "nodejs14.x",
        "FunctionName": "hbfl-swf-dev-resultProcessorWorker",
        "MemorySize": 1024,
        "Timeout": 120,
        "Environment": {
          "Variables": {
            "DYNAMO_TABLE_NAME": "hbfl-race-results",
            "S3_BUCKET": "hbfl-race-results-unique-ryan2",
            "WORKFLOW_DOMAIN": "test-domain1",
            "WORKFLOW_TYPE_NAME": "process-race-results",
            "WORKFLOW_TYPE_VERSION": "1.0",
            "WORKFLOW_TASK_LIST": "process-results",
            "ACTIVITY_READ_S3": "read-s3-bucket",
            "ACTIVITY_READ_S3_VERSION": "1.0",
            "ACTIVITY_PROCESS_RESULTS": "process-race-result",
            "ACTIVITY_PROCESS_RESULTS_VERSION": "1.0",
            "ACTIVITY_CLEAN_S3": "clean-s3-bucket",
            "ACTIVITY_CLEAN_S3_VERSION": "1.0"
          }
        },
        "Role": {
          "Fn::GetAtt": [
            "IamRoleLambdaExecution",
            "Arn"
          ]
        }
      },
      "DependsOn": [
        "ResultProcessorWorkerLogGroup"
      ]
    },
    "S3CleanerWorkerLambdaFunction": {
      "Type": "AWS::Lambda::Function",
      "Properties": {
        "Code": {
          "S3Bucket": {
            "Ref": "ServerlessDeploymentBucket"
          },
          "S3Key": "serverless/hbfl-swf/dev/1646816709626-2022-03-09T09:05:09.626Z/hbfl-swf.zip"
        },
        "Handler": "src/s3CleanerWorker.poll",
        "Runtime": "nodejs14.x",
        "FunctionName": "hbfl-swf-dev-s3CleanerWorker",
        "MemorySize": 1024,
        "Timeout": 120,
        "Environment": {
          "Variables": {
            "DYNAMO_TABLE_NAME": "hbfl-race-results",
            "S3_BUCKET": "hbfl-race-results-unique-ryan2",
            "WORKFLOW_DOMAIN": "test-domain1",
            "WORKFLOW_TYPE_NAME": "process-race-results",
            "WORKFLOW_TYPE_VERSION": "1.0",
            "WORKFLOW_TASK_LIST": "process-results",
            "ACTIVITY_READ_S3": "read-s3-bucket",
            "ACTIVITY_READ_S3_VERSION": "1.0",
            "ACTIVITY_PROCESS_RESULTS": "process-race-result",
            "ACTIVITY_PROCESS_RESULTS_VERSION": "1.0",
            "ACTIVITY_CLEAN_S3": "clean-s3-bucket",
            "ACTIVITY_CLEAN_S3_VERSION": "1.0"
          }
        },
        "Role": {
          "Fn::GetAtt": [
            "IamRoleLambdaExecution",
            "Arn"
          ]
        }
      },
      "DependsOn": [
        "S3CleanerWorkerLogGroup"
      ]
    },
    "InitiatorLambdaVersionNUq7yxcncZH3ocdxJmRWOJGKebHjVmLgxs2VstuHJ9w": {
      "Type": "AWS::Lambda::Version",
      "DeletionPolicy": "Retain",
      "Properties": {
        "FunctionName": {
          "Ref": "InitiatorLambdaFunction"
        },
        "CodeSha256": "Trhb/aIq54HRjBl+fp5mRS4XOUJZJnqtGg4nQSq6x8c="
      }
    },
    "DeciderLambdaVersionlAekiHobs2tRwr8P1qC82YxqRwbQ4izytqnGI6i08": {
      "Type": "AWS::Lambda::Version",
      "DeletionPolicy": "Retain",
      "Properties": {
        "FunctionName": {
          "Ref": "DeciderLambdaFunction"
        },
        "CodeSha256": "Trhb/aIq54HRjBl+fp5mRS4XOUJZJnqtGg4nQSq6x8c="
      }
    },
    "S3ReaderWorkerLambdaVersionmkliZqaunWtBLimdNj1NxCz737ogMhYWAWWevl9N0g": {
      "Type": "AWS::Lambda::Version",
      "DeletionPolicy": "Retain",
      "Properties": {
        "FunctionName": {
          "Ref": "S3ReaderWorkerLambdaFunction"
        },
        "CodeSha256": "Trhb/aIq54HRjBl+fp5mRS4XOUJZJnqtGg4nQSq6x8c="
      }
    },
    "ResultProcessorWorkerLambdaVersionynxp2YS8Eg9yQDvreXKzEZmjFiLNm0aZpUAB9gnEZVA": {
      "Type": "AWS::Lambda::Version",
      "DeletionPolicy": "Retain",
      "Properties": {
        "FunctionName": {
          "Ref": "ResultProcessorWorkerLambdaFunction"
        },
        "CodeSha256": "Trhb/aIq54HRjBl+fp5mRS4XOUJZJnqtGg4nQSq6x8c="
      }
    },
    "S3CleanerWorkerLambdaVersionnib8f9EydGIHINubxrhB5zGkuzwbH4MhRlxcDn5wO0": {
      "Type": "AWS::Lambda::Version",
      "DeletionPolicy": "Retain",
      "Properties": {
        "FunctionName": {
          "Ref": "S3CleanerWorkerLambdaFunction"
        },
        "CodeSha256": "Trhb/aIq54HRjBl+fp5mRS4XOUJZJnqtGg4nQSq6x8c="
      }
    },
    "InitiatorEventsRuleSchedule1": {
      "Type": "AWS::Events::Rule",
      "Properties": {
        "ScheduleExpression": "cron(0 0 * * ? *)",
        "State": "ENABLED",
        "Targets": [
          {
            "Arn": {
              "Fn::GetAtt": [
                "InitiatorLambdaFunction",
                "Arn"
              ]
            },
            "Id": "initiatorSchedule"
          }
        ]
      }
    },
    "InitiatorLambdaPermissionEventsRuleSchedule1": {
      "Type": "AWS::Lambda::Permission",
      "Properties": {
        "FunctionName": {
          "Fn::GetAtt": [
            "InitiatorLambdaFunction",
            "Arn"
          ]
        },
        "Action": "lambda:InvokeFunction",
        "Principal": "events.amazonaws.com",
        "SourceArn": {
          "Fn::GetAtt": [
            "InitiatorEventsRuleSchedule1",
            "Arn"
          ]
        }
      }
    },
    "DeciderEventsRuleSchedule1": {
      "Type": "AWS::Events::Rule",
      "Properties": {
        "ScheduleExpression": "rate(2 minutes)",
        "State": "ENABLED",
        "Targets": [
          {
            "Arn": {
              "Fn::GetAtt": [
                "DeciderLambdaFunction",
                "Arn"
              ]
            },
            "Id": "deciderSchedule"
          }
        ]
      }
    },
    "DeciderLambdaPermissionEventsRuleSchedule1": {
      "Type": "AWS::Lambda::Permission",
      "Properties": {
        "FunctionName": {
          "Fn::GetAtt": [
            "DeciderLambdaFunction",
            "Arn"
          ]
        },
        "Action": "lambda:InvokeFunction",
        "Principal": "events.amazonaws.com",
        "SourceArn": {
          "Fn::GetAtt": [
            "DeciderEventsRuleSchedule1",
            "Arn"
          ]
        }
      }
    },
    "S3ReaderWorkerEventsRuleSchedule1": {
      "Type": "AWS::Events::Rule",
      "Properties": {
        "ScheduleExpression": "rate(2 minutes)",
        "State": "ENABLED",
        "Targets": [
          {
            "Arn": {
              "Fn::GetAtt": [
                "S3ReaderWorkerLambdaFunction",
                "Arn"
              ]
            },
            "Id": "s3ReaderWorkerSchedule"
          }
        ]
      }
    },
    "S3ReaderWorkerLambdaPermissionEventsRuleSchedule1": {
      "Type": "AWS::Lambda::Permission",
      "Properties": {
        "FunctionName": {
          "Fn::GetAtt": [
            "S3ReaderWorkerLambdaFunction",
            "Arn"
          ]
        },
        "Action": "lambda:InvokeFunction",
        "Principal": "events.amazonaws.com",
        "SourceArn": {
          "Fn::GetAtt": [
            "S3ReaderWorkerEventsRuleSchedule1",
            "Arn"
          ]
        }
      }
    },
    "ResultProcessorWorkerEventsRuleSchedule1": {
      "Type": "AWS::Events::Rule",
      "Properties": {
        "ScheduleExpression": "rate(2 minutes)",
        "State": "ENABLED",
        "Targets": [
          {
            "Arn": {
              "Fn::GetAtt": [
                "ResultProcessorWorkerLambdaFunction",
                "Arn"
              ]
            },
            "Id": "resultProcessorWorkerSchedule"
          }
        ]
      }
    },
    "ResultProcessorWorkerLambdaPermissionEventsRuleSchedule1": {
      "Type": "AWS::Lambda::Permission",
      "Properties": {
        "FunctionName": {
          "Fn::GetAtt": [
            "ResultProcessorWorkerLambdaFunction",
            "Arn"
          ]
        },
        "Action": "lambda:InvokeFunction",
        "Principal": "events.amazonaws.com",
        "SourceArn": {
          "Fn::GetAtt": [
            "ResultProcessorWorkerEventsRuleSchedule1",
            "Arn"
          ]
        }
      }
    },
    "S3CleanerWorkerEventsRuleSchedule1": {
      "Type": "AWS::Events::Rule",
      "Properties": {
        "ScheduleExpression": "rate(2 minutes)",
        "State": "ENABLED",
        "Targets": [
          {
            "Arn": {
              "Fn::GetAtt": [
                "S3CleanerWorkerLambdaFunction",
                "Arn"
              ]
            },
            "Id": "s3CleanerWorkerSchedule"
          }
        ]
      }
    },
    "S3CleanerWorkerLambdaPermissionEventsRuleSchedule1": {
      "Type": "AWS::Lambda::Permission",
      "Properties": {
        "FunctionName": {
          "Fn::GetAtt": [
            "S3CleanerWorkerLambdaFunction",
            "Arn"
          ]
        },
        "Action": "lambda:InvokeFunction",
        "Principal": "events.amazonaws.com",
        "SourceArn": {
          "Fn::GetAtt": [
            "S3CleanerWorkerEventsRuleSchedule1",
            "Arn"
          ]
        }
      }
    },
    "HamsterRaceResultsBucket": {
      "Type": "AWS::S3::Bucket",
      "Properties": {
        "BucketName": "hbfl-race-results-unique-ryan2"
      }
    },
    "HamsterRaceResultsTable": {
      "Type": "AWS::DynamoDB::Table",
      "Properties": {
        "TableName": "hbfl-race-results",
        "AttributeDefinitions": [
          {
            "AttributeName": "id",
            "AttributeType": "S"
          }
        ],
        "KeySchema": [
          {
            "AttributeName": "id",
            "KeyType": "HASH"
          }
        ],
        "ProvisionedThroughput": {
          "ReadCapacityUnits": 1,
          "WriteCapacityUnits": 5
        }
      }
    }
  },
  "Outputs": {
    "ServerlessDeploymentBucketName": {
      "Value": {
        "Ref": "ServerlessDeploymentBucket"
      },
      "Export": {
        "Name": "sls-hbfl-swf-dev-ServerlessDeploymentBucketName"
      }
    },
    "InitiatorLambdaFunctionQualifiedArn": {
      "Description": "Current Lambda function version",
      "Value": {
        "Ref": "InitiatorLambdaVersionNUq7yxcncZH3ocdxJmRWOJGKebHjVmLgxs2VstuHJ9w"
      },
      "Export": {
        "Name": "sls-hbfl-swf-dev-InitiatorLambdaFunctionQualifiedArn"
      }
    },
    "DeciderLambdaFunctionQualifiedArn": {
      "Description": "Current Lambda function version",
      "Value": {
        "Ref": "DeciderLambdaVersionlAekiHobs2tRwr8P1qC82YxqRwbQ4izytqnGI6i08"
      },
      "Export": {
        "Name": "sls-hbfl-swf-dev-DeciderLambdaFunctionQualifiedArn"
      }
    },
    "S3ReaderWorkerLambdaFunctionQualifiedArn": {
      "Description": "Current Lambda function version",
      "Value": {
        "Ref": "S3ReaderWorkerLambdaVersionmkliZqaunWtBLimdNj1NxCz737ogMhYWAWWevl9N0g"
      },
      "Export": {
        "Name": "sls-hbfl-swf-dev-S3ReaderWorkerLambdaFunctionQualifiedArn"
      }
    },
    "ResultProcessorWorkerLambdaFunctionQualifiedArn": {
      "Description": "Current Lambda function version",
      "Value": {
        "Ref": "ResultProcessorWorkerLambdaVersionynxp2YS8Eg9yQDvreXKzEZmjFiLNm0aZpUAB9gnEZVA"
      },
      "Export": {
        "Name": "sls-hbfl-swf-dev-ResultProcessorWorkerLambdaFunctionQualifiedArn"
      }
    },
    "S3CleanerWorkerLambdaFunctionQualifiedArn": {
      "Description": "Current Lambda function version",
      "Value": {
        "Ref": "S3CleanerWorkerLambdaVersionnib8f9EydGIHINubxrhB5zGkuzwbH4MhRlxcDn5wO0"
      },
      "Export": {
        "Name": "sls-hbfl-swf-dev-S3CleanerWorkerLambdaFunctionQualifiedArn"
      }
    }
  }
}